"Relative Time (Process)","reranker-MiniLM-L12-H384-uncased-msmarco-bce-Lion-None-ep-1-3 - system/gpu.0.memoryAllocated","reranker-MiniLM-L12-H384-uncased-msmarco-bce-Lion-None-ep-1-3 - system/gpu.0.memoryAllocated__MIN","reranker-MiniLM-L12-H384-uncased-msmarco-bce-Lion-None-ep-1-3 - system/gpu.0.memoryAllocated__MAX","reranker-MiniLM-L12-H384-uncased-msmarco-bce-Lion-None-ep-1-3 - system/gpu.1.memoryAllocated","reranker-MiniLM-L12-H384-uncased-msmarco-bce-Lion-None-ep-1-3 - system/gpu.1.memoryAllocated__MIN","reranker-MiniLM-L12-H384-uncased-msmarco-bce-Lion-None-ep-1-3 - system/gpu.1.memoryAllocated__MAX","reranker-MiniLM-L12-H384-uncased-msmarco-bce-Lion-None-ep-1-3 - system/gpu.2.memoryAllocated","reranker-MiniLM-L12-H384-uncased-msmarco-bce-Lion-None-ep-1-3 - system/gpu.2.memoryAllocated__MIN","reranker-MiniLM-L12-H384-uncased-msmarco-bce-Lion-None-ep-1-3 - system/gpu.2.memoryAllocated__MAX","reranker-MiniLM-L12-H384-uncased-msmarco-bce-adamW-ep-1-3 - system/gpu.0.memoryAllocated","reranker-MiniLM-L12-H384-uncased-msmarco-bce-adamW-ep-1-3 - system/gpu.0.memoryAllocated__MIN","reranker-MiniLM-L12-H384-uncased-msmarco-bce-adamW-ep-1-3 - system/gpu.0.memoryAllocated__MAX","reranker-MiniLM-L12-H384-uncased-msmarco-bce-adamW-ep-1-3 - system/gpu.1.memoryAllocated","reranker-MiniLM-L12-H384-uncased-msmarco-bce-adamW-ep-1-3 - system/gpu.1.memoryAllocated__MIN","reranker-MiniLM-L12-H384-uncased-msmarco-bce-adamW-ep-1-3 - system/gpu.1.memoryAllocated__MAX","reranker-MiniLM-L12-H384-uncased-msmarco-bce-adamW-ep-1-3 - system/gpu.2.memoryAllocated","reranker-MiniLM-L12-H384-uncased-msmarco-bce-adamW-ep-1-3 - system/gpu.2.memoryAllocated__MIN","reranker-MiniLM-L12-H384-uncased-msmarco-bce-adamW-ep-1-3 - system/gpu.2.memoryAllocated__MAX"
"15.358756683","24.538725362507595","24.538725362507595","24.538725362507595","23.352164192063906","23.352164192063906","23.352164192063906","21.15975297386472","21.15975297386472","21.15975297386472","","","","","","","","",""
"15.375527242","24.538725362507595","24.538725362507595","24.538725362507595","23.352164192063906","23.352164192063906","23.352164192063906","21.15975297386472","21.15975297386472","21.15975297386472","","","","","","","","",""
"15.426966226","","","","","","","","","","25.0683771815577","25.0683771815577","25.0683771815577","24.07717938699314","24.07717938699314","24.07717938699314","21.754525918207868","21.754525918207868","21.754525918207868"
"30.350251641","24.538725362507595","24.538725362507595","24.538725362507595","23.352164192063906","23.352164192063906","23.352164192063906","24.19873882087349","24.19873882087349","24.19873882087349","","","","","","","","",""
"30.38399877","24.538725362507595","24.538725362507595","24.538725362507595","23.352164192063906","23.352164192063906","23.352164192063906","24.19873882087349","24.19873882087349","24.19873882087349","","","","","","","","",""
"30.428463522","","","","","","","","","","25.0683771815577","25.0683771815577","25.0683771815577","24.07717938699314","24.07717938699314","24.07717938699314","24.793511765216635","24.793511765216635","24.793511765216635"
"45.356077661","24.543066770860467","24.543066770860467","24.543066770860467","23.352164192063906","23.352164192063906","23.352164192063906","27.168262134236347","27.168262134236347","27.168262134236347","","","","","","","","",""
"45.375890252","24.543066770860467","24.543066770860467","24.543066770860467","23.352164192063906","23.352164192063906","23.352164192063906","27.168262134236347","27.168262134236347","27.168262134236347","","","","","","","","",""
"45.421863954","","","","","","","","","","25.0683771815577","25.0683771815577","25.0683771815577","24.07717938699314","24.07717938699314","24.07717938699314","27.76303507857949","27.76303507857949","27.76303507857949"
"60.35668976","24.543066770860467","24.543066770860467","24.543066770860467","23.352164192063906","23.352164192063906","23.352164192063906","27.168262134236347","27.168262134236347","27.168262134236347","","","","","","","","",""
"60.366509722","24.543066770860467","24.543066770860467","24.543066770860467","23.352164192063906","23.352164192063906","23.352164192063906","27.168262134236347","27.168262134236347","27.168262134236347","","","","","","","","",""
"60.420458771","","","","","","","","","","29.22310497525397","29.22310497525397","29.22310497525397","24.07717938699314","24.07717938699314","24.07717938699314","27.76303507857949","27.76303507857949","27.76303507857949"
"75.353788682","28.697794564556744","28.697794564556744","28.697794564556744","23.352164192063906","23.352164192063906","23.352164192063906","27.168262134236347","27.168262134236347","27.168262134236347","","","","","","","","",""
"75.386788742","28.697794564556744","28.697794564556744","28.697794564556744","23.352164192063906","23.352164192063906","23.352164192063906","27.168262134236347","27.168262134236347","27.168262134236347","","","","","","","","",""
"75.416909905","","","","","","","","","","29.22310497525397","29.22310497525397","29.22310497525397","24.07717938699314","24.07717938699314","24.07717938699314","27.76303507857949","27.76303507857949","27.76303507857949"
"90.355299983","28.697794564556744","28.697794564556744","28.697794564556744","23.352164192063906","23.352164192063906","23.352164192063906","30.207247981245118","30.207247981245118","30.207247981245118","","","","","","","","",""
"90.367372092","28.697794564556744","28.697794564556744","28.697794564556744","23.352164192063906","23.352164192063906","23.352164192063906","30.207247981245118","30.207247981245118","30.207247981245118","","","","","","","","",""
"90.42616424","","","","","","","","","","29.22310497525397","29.22310497525397","29.22310497525397","24.07717938699314","24.07717938699314","24.07717938699314","30.80202092558826","30.80202092558826","30.80202092558826"
"105.353911523","28.697794564556744","28.697794564556744","28.697794564556744","23.352164192063906","23.352164192063906","23.352164192063906","30.207247981245118","30.207247981245118","30.207247981245118","","","","","","","","",""
"105.372701065","28.697794564556744","28.697794564556744","28.697794564556744","23.352164192063906","23.352164192063906","23.352164192063906","30.207247981245118","30.207247981245118","30.207247981245118","","","","","","","","",""
"105.424244247","","","","","","","","","","29.22310497525397","29.22310497525397","29.22310497525397","24.07717938699314","24.07717938699314","24.07717938699314","30.80202092558826","30.80202092558826","30.80202092558826"
"120.35332878","28.697794564556744","28.697794564556744","28.697794564556744","23.352164192063906","23.352164192063906","23.352164192063906","30.207247981245118","30.207247981245118","30.207247981245118","","","","","","","","",""
"120.370631506","28.697794564556744","28.697794564556744","28.697794564556744","23.352164192063906","23.352164192063906","23.352164192063906","30.207247981245118","30.207247981245118","30.207247981245118","","","","","","","","",""
"120.422037738","","","","","","","","","","29.22310497525397","29.22310497525397","29.22310497525397","24.07717938699314","24.07717938699314","24.07717938699314","30.80202092558826","30.80202092558826","30.80202092558826"
"135.350392557","28.697794564556744","28.697794564556744","28.697794564556744","23.352164192063906","23.352164192063906","23.352164192063906","30.207247981245118","30.207247981245118","30.207247981245118","","","","","","","","",""
"135.373335243","28.697794564556744","28.697794564556744","28.697794564556744","23.352164192063906","23.352164192063906","23.352164192063906","30.207247981245118","30.207247981245118","30.207247981245118","","","","","","","","",""
"135.425945864","","","","","","","","","","29.22310497525397","29.22310497525397","29.22310497525397","24.07717938699314","24.07717938699314","24.07717938699314","30.80202092558826","30.80202092558826","30.80202092558826"
"150.358399569","28.697794564556744","28.697794564556744","28.697794564556744","23.356505600416774","23.356505600416774","23.356505600416774","30.207247981245118","30.207247981245118","30.207247981245118","","","","","","","","",""
"150.374644975","28.697794564556744","28.697794564556744","28.697794564556744","23.356505600416774","23.356505600416774","23.356505600416774","30.207247981245118","30.207247981245118","30.207247981245118","","","","","","","","",""
"150.440750022","","","","","","","","","","29.22310497525397","29.22310497525397","29.22310497525397","24.07717938699314","24.07717938699314","24.07717938699314","30.80202092558826","30.80202092558826","30.80202092558826"
"165.351070686","28.697794564556744","28.697794564556744","28.697794564556744","23.356505600416774","23.356505600416774","23.356505600416774","30.207247981245118","30.207247981245118","30.207247981245118","","","","","","","","",""
"165.36818222","28.697794564556744","28.697794564556744","28.697794564556744","23.356505600416774","23.356505600416774","23.356505600416774","30.207247981245118","30.207247981245118","30.207247981245118","","","","","","","","",""
"165.427935849","","","","","","","","","","29.22310497525397","29.22310497525397","29.22310497525397","24.07717938699314","24.07717938699314","24.07717938699314","30.80202092558826","30.80202092558826","30.80202092558826"
"180.364896388","28.697794564556744","28.697794564556744","28.697794564556744","23.356505600416774","23.356505600416774","23.356505600416774","30.207247981245118","30.207247981245118","30.207247981245118","","","","","","","","",""
"180.376941678","28.697794564556744","28.697794564556744","28.697794564556744","23.356505600416774","23.356505600416774","23.356505600416774","30.207247981245118","30.207247981245118","30.207247981245118","","","","","","","","",""
"180.42617721","","","","","","","","","","29.22310497525397","29.22310497525397","29.22310497525397","24.07717938699314","24.07717938699314","24.07717938699314","30.80202092558826","30.80202092558826","30.80202092558826"
"195.361075066","28.697794564556744","28.697794564556744","28.697794564556744","23.356505600416774","23.356505600416774","23.356505600416774","30.207247981245118","30.207247981245118","30.207247981245118","","","","","","","","",""
"195.371620021","28.697794564556744","28.697794564556744","28.697794564556744","23.356505600416774","23.356505600416774","23.356505600416774","30.207247981245118","30.207247981245118","30.207247981245118","","","","","","","","",""
"195.422426731","","","","","","","","","","29.22310497525397","29.22310497525397","29.22310497525397","24.07717938699314","24.07717938699314","24.07717938699314","30.80202092558826","30.80202092558826","30.80202092558826"
"210.355353471","28.697794564556744","28.697794564556744","28.697794564556744","23.356505600416774","23.356505600416774","23.356505600416774","30.207247981245118","30.207247981245118","30.207247981245118","","","","","","","","",""
"210.388165056","28.697794564556744","28.697794564556744","28.697794564556744","23.356505600416774","23.356505600416774","23.356505600416774","30.207247981245118","30.207247981245118","30.207247981245118","","","","","","","","",""
"210.424229267","","","","","","","","","","29.22310497525397","29.22310497525397","29.22310497525397","27.52425761917166","27.52425761917166","27.52425761917166","30.80202092558826","30.80202092558826","30.80202092558826"
"225.353832405","28.697794564556744","28.697794564556744","28.697794564556744","23.356505600416774","23.356505600416774","23.356505600416774","30.207247981245118","30.207247981245118","30.207247981245118","","","","","","","","",""
"225.372222067","28.697794564556744","28.697794564556744","28.697794564556744","23.356505600416774","23.356505600416774","23.356505600416774","30.207247981245118","30.207247981245118","30.207247981245118","","","","","","","","",""
"225.42063206","","","","","","","","","","29.22310497525397","29.22310497525397","29.22310497525397","31.71805808804376","31.71805808804376","31.71805808804376","30.80202092558826","30.80202092558826","30.80202092558826"
"240.349268565","28.697794564556744","28.697794564556744","28.697794564556744","30.997384301467395","30.997384301467395","30.997384301467395","30.207247981245118","30.207247981245118","30.207247981245118","","","","","","","","",""
"240.367501683","28.697794564556744","28.697794564556744","28.697794564556744","26.803583832595297","26.803583832595297","26.803583832595297","30.207247981245118","30.207247981245118","30.207247981245118","","","","","","","","",""
"240.425071446","","","","","","","","","","29.22310497525397","29.22310497525397","29.22310497525397","31.71805808804376","31.71805808804376","31.71805808804376","30.80202092558826","30.80202092558826","30.80202092558826"
"255.362808812","28.697794564556744","28.697794564556744","28.697794564556744","30.997384301467395","30.997384301467395","30.997384301467395","30.207247981245118","30.207247981245118","30.207247981245118","","","","","","","","",""
"255.371003684","28.697794564556744","28.697794564556744","28.697794564556744","30.997384301467395","30.997384301467395","30.997384301467395","30.207247981245118","30.207247981245118","30.207247981245118","","","","","","","","",""
"255.424713856","","","","","","","","","","29.22310497525397","29.22310497525397","29.22310497525397","31.71805808804376","31.71805808804376","31.71805808804376","30.80202092558826","30.80202092558826","30.80202092558826"
"270.35699554","28.697794564556744","28.697794564556744","28.697794564556744","30.997384301467395","30.997384301467395","30.997384301467395","30.207247981245118","30.207247981245118","30.207247981245118","","","","","","","","",""
"270.370924586","28.697794564556744","28.697794564556744","28.697794564556744","30.997384301467395","30.997384301467395","30.997384301467395","30.207247981245118","30.207247981245118","30.207247981245118","","","","","","","","",""
"270.423537775","","","","","","","","","","29.227446383606843","29.227446383606843","29.227446383606843","31.71805808804376","31.71805808804376","31.71805808804376","30.80202092558826","30.80202092558826","30.80202092558826"
"285.348124127","28.697794564556744","28.697794564556744","28.697794564556744","30.997384301467395","30.997384301467395","30.997384301467395","30.207247981245118","30.207247981245118","30.207247981245118","","","","","","","","",""
"285.371922805","28.697794564556744","28.697794564556744","28.697794564556744","30.997384301467395","30.997384301467395","30.997384301467395","30.207247981245118","30.207247981245118","30.207247981245118","","","","","","","","",""
"285.423366699","","","","","","","","","","29.227446383606843","29.227446383606843","29.227446383606843","31.71805808804376","31.71805808804376","31.71805808804376","30.80202092558826","30.80202092558826","30.80202092558826"
"300.355083087","28.697794564556744","28.697794564556744","28.697794564556744","30.997384301467395","30.997384301467395","30.997384301467395","30.207247981245118","30.207247981245118","30.207247981245118","","","","","","","","",""
"300.372330164","28.697794564556744","28.697794564556744","28.697794564556744","30.997384301467395","30.997384301467395","30.997384301467395","30.207247981245118","30.207247981245118","30.207247981245118","","","","","","","","",""
"300.423711038","","","","","","","","","","29.227446383606843","29.227446383606843","29.227446383606843","31.71805808804376","31.71805808804376","31.71805808804376","30.80202092558826","30.80202092558826","30.80202092558826"
"315.35502794","28.697794564556744","28.697794564556744","28.697794564556744","30.997384301467395","30.997384301467395","30.997384301467395","30.207247981245118","30.207247981245118","30.207247981245118","","","","","","","","",""
"315.36784077","28.697794564556744","28.697794564556744","28.697794564556744","30.997384301467395","30.997384301467395","30.997384301467395","30.207247981245118","30.207247981245118","30.207247981245118","","","","","","","","",""
"315.427529093","","","","","","","","","","29.227446383606843","29.227446383606843","29.227446383606843","31.71805808804376","31.71805808804376","31.71805808804376","30.80202092558826","30.80202092558826","30.80202092558826"
"330.355212903","28.697794564556744","28.697794564556744","28.697794564556744","30.997384301467395","30.997384301467395","30.997384301467395","30.207247981245118","30.207247981245118","30.207247981245118","","","","","","","","",""
"330.364757345","28.697794564556744","28.697794564556744","28.697794564556744","30.997384301467395","30.997384301467395","30.997384301467395","30.207247981245118","30.207247981245118","30.207247981245118","","","","","","","","",""
"330.425688639","","","","","","","","","","29.227446383606843","29.227446383606843","29.227446383606843","31.71805808804376","31.71805808804376","31.71805808804376","30.80202092558826","30.80202092558826","30.80202092558826"
"345.368186515","28.697794564556744","28.697794564556744","28.697794564556744","30.997384301467395","30.997384301467395","30.997384301467395","30.207247981245118","30.207247981245118","30.207247981245118","","","","","","","","",""
"345.372831004","28.697794564556744","28.697794564556744","28.697794564556744","30.997384301467395","30.997384301467395","30.997384301467395","30.207247981245118","30.207247981245118","30.207247981245118","","","","","","","","",""
"345.475786759","","","","","","","","","","29.227446383606843","29.227446383606843","29.227446383606843","31.71805808804376","31.71805808804376","31.71805808804376","30.80202092558826","30.80202092558826","30.80202092558826"
"360.349799943","28.697794564556744","28.697794564556744","28.697794564556744","30.997384301467395","30.997384301467395","30.997384301467395","30.207247981245118","30.207247981245118","30.207247981245118","","","","","","","","",""
"360.369911582","28.697794564556744","28.697794564556744","28.697794564556744","30.997384301467395","30.997384301467395","30.997384301467395","30.207247981245118","30.207247981245118","30.207247981245118","","","","","","","","",""
"360.423700128","","","","","","","","","","29.227446383606843","29.227446383606843","29.227446383606843","31.71805808804376","31.71805808804376","31.71805808804376","30.80202092558826","30.80202092558826","30.80202092558826"
"375.359161198","28.697794564556744","28.697794564556744","28.697794564556744","30.997384301467395","30.997384301467395","30.997384301467395","30.207247981245118","30.207247981245118","30.207247981245118","","","","","","","","",""
"375.377452561","28.697794564556744","28.697794564556744","28.697794564556744","30.997384301467395","30.997384301467395","30.997384301467395","30.207247981245118","30.207247981245118","30.207247981245118","","","","","","","","",""
"375.421860277","","","","","","","","","","29.227446383606843","29.227446383606843","29.227446383606843","31.71805808804376","31.71805808804376","31.71805808804376","30.80202092558826","30.80202092558826","30.80202092558826"
"390.353491702","28.697794564556744","28.697794564556744","28.697794564556744","30.997384301467395","30.997384301467395","30.997384301467395","30.207247981245118","30.207247981245118","30.207247981245118","","","","","","","","",""
"390.37662461","28.697794564556744","28.697794564556744","28.697794564556744","30.997384301467395","30.997384301467395","30.997384301467395","30.207247981245118","30.207247981245118","30.207247981245118","","","","","","","","",""
"390.423317437","","","","","","","","","","29.227446383606843","29.227446383606843","29.227446383606843","31.71805808804376","31.71805808804376","31.71805808804376","30.80202092558826","30.80202092558826","30.80202092558826"
"405.351675443","28.697794564556744","28.697794564556744","28.697794564556744","30.997384301467395","30.997384301467395","30.997384301467395","30.207247981245118","30.207247981245118","30.207247981245118","","","","","","","","",""
"405.369263213","28.697794564556744","28.697794564556744","28.697794564556744","30.997384301467395","30.997384301467395","30.997384301467395","30.207247981245118","30.207247981245118","30.207247981245118","","","","","","","","",""
"405.428745204","","","","","","","","","","29.227446383606843","29.227446383606843","29.227446383606843","31.71805808804376","31.71805808804376","31.71805808804376","30.80202092558826","30.80202092558826","30.80202092558826"
"420.350562248","28.697794564556744","28.697794564556744","28.697794564556744","30.997384301467395","30.997384301467395","30.997384301467395","30.207247981245118","30.207247981245118","30.207247981245118","","","","","","","","",""
"420.370378969","28.697794564556744","28.697794564556744","28.697794564556744","30.997384301467395","30.997384301467395","30.997384301467395","30.207247981245118","30.207247981245118","30.207247981245118","","","","","","","","",""
"420.424314295","","","","","","","","","","29.227446383606843","29.227446383606843","29.227446383606843","31.71805808804376","31.71805808804376","31.71805808804376","30.80202092558826","30.80202092558826","30.80202092558826"
"435.35200845","28.697794564556744","28.697794564556744","28.697794564556744","30.997384301467395","30.997384301467395","30.997384301467395","30.207247981245118","30.207247981245118","30.207247981245118","","","","","","","","",""
"435.367867201","28.697794564556744","28.697794564556744","28.697794564556744","30.997384301467395","30.997384301467395","30.997384301467395","30.207247981245118","30.207247981245118","30.207247981245118","","","","","","","","",""
"435.424521706","","","","","","","","","","29.227446383606843","29.227446383606843","29.227446383606843","31.71805808804376","31.71805808804376","31.71805808804376","30.80202092558826","30.80202092558826","30.80202092558826"
"450.35050412","28.697794564556744","28.697794564556744","28.697794564556744","30.997384301467395","30.997384301467395","30.997384301467395","30.207247981245118","30.207247981245118","30.207247981245118","","","","","","","","",""
"450.375631291","28.697794564556744","28.697794564556744","28.697794564556744","30.997384301467395","30.997384301467395","30.997384301467395","30.207247981245118","30.207247981245118","30.207247981245118","","","","","","","","",""
"450.427538013","","","","","","","","","","29.227446383606843","29.227446383606843","29.227446383606843","31.71805808804376","31.71805808804376","31.71805808804376","30.80202092558826","30.80202092558826","30.80202092558826"
"465.35257042","28.697794564556744","28.697794564556744","28.697794564556744","30.997384301467395","30.997384301467395","30.997384301467395","30.207247981245118","30.207247981245118","30.207247981245118","","","","","","","","",""
"465.366798491","28.697794564556744","28.697794564556744","28.697794564556744","30.997384301467395","30.997384301467395","30.997384301467395","30.207247981245118","30.207247981245118","30.207247981245118","","","","","","","","",""
"465.422418909","","","","","","","","","","29.227446383606843","29.227446383606843","29.227446383606843","31.71805808804376","31.71805808804376","31.71805808804376","30.80202092558826","30.80202092558826","30.80202092558826"
"480.357079136","28.697794564556744","28.697794564556744","28.697794564556744","30.997384301467395","30.997384301467395","30.997384301467395","30.207247981245118","30.207247981245118","30.207247981245118","","","","","","","","",""
"480.372572843","28.697794564556744","28.697794564556744","28.697794564556744","30.997384301467395","30.997384301467395","30.997384301467395","30.207247981245118","30.207247981245118","30.207247981245118","","","","","","","","",""
"480.423188947","","","","","","","","","","29.227446383606843","29.227446383606843","29.227446383606843","31.71805808804376","31.71805808804376","31.71805808804376","30.80202092558826","30.80202092558826","30.80202092558826"
"495.362115211","28.697794564556744","28.697794564556744","28.697794564556744","30.997384301467395","30.997384301467395","30.997384301467395","30.207247981245118","30.207247981245118","30.207247981245118","","","","","","","","",""
"495.37721118","28.697794564556744","28.697794564556744","28.697794564556744","30.997384301467395","30.997384301467395","30.997384301467395","30.207247981245118","30.207247981245118","30.207247981245118","","","","","","","","",""
"495.421221274","","","","","","","","","","29.227446383606843","29.227446383606843","29.227446383606843","31.71805808804376","31.71805808804376","31.71805808804376","30.80202092558826","30.80202092558826","30.80202092558826"
"510.355031994","28.697794564556744","28.697794564556744","28.697794564556744","30.997384301467395","30.997384301467395","30.997384301467395","30.207247981245118","30.207247981245118","30.207247981245118","","","","","","","","",""
"510.378032011","28.697794564556744","28.697794564556744","28.697794564556744","30.997384301467395","30.997384301467395","30.997384301467395","30.207247981245118","30.207247981245118","30.207247981245118","","","","","","","","",""
"510.425431835","","","","","","","","","","29.227446383606843","29.227446383606843","29.227446383606843","31.71805808804376","31.71805808804376","31.71805808804376","30.80202092558826","30.80202092558826","30.80202092558826"
"525.347333775","28.697794564556744","28.697794564556744","28.697794564556744","30.997384301467395","30.997384301467395","30.997384301467395","30.207247981245118","30.207247981245118","30.207247981245118","","","","","","","","",""
"525.376755222","28.697794564556744","28.697794564556744","28.697794564556744","30.997384301467395","30.997384301467395","30.997384301467395","30.207247981245118","30.207247981245118","30.207247981245118","","","","","","","","",""
"525.41854913","","","","","","","","","","29.227446383606843","29.227446383606843","29.227446383606843","31.71805808804376","31.71805808804376","31.71805808804376","30.80202092558826","30.80202092558826","30.80202092558826"
"540.359254572","28.697794564556744","28.697794564556744","28.697794564556744","30.997384301467395","30.997384301467395","30.997384301467395","30.207247981245118","30.207247981245118","30.207247981245118","","","","","","","","",""
"540.368957236","28.697794564556744","28.697794564556744","28.697794564556744","30.997384301467395","30.997384301467395","30.997384301467395","30.207247981245118","30.207247981245118","30.207247981245118","","","","","","","","",""
"540.432249202","","","","","","","","","","29.227446383606843","29.227446383606843","29.227446383606843","31.71805808804376","31.71805808804376","31.71805808804376","30.80202092558826","30.80202092558826","30.80202092558826"
"555.35195541","28.697794564556744","28.697794564556744","28.697794564556744","30.997384301467395","30.997384301467395","30.997384301467395","30.207247981245118","30.207247981245118","30.207247981245118","","","","","","","","",""
"555.369176756","28.697794564556744","28.697794564556744","28.697794564556744","30.997384301467395","30.997384301467395","30.997384301467395","30.207247981245118","30.207247981245118","30.207247981245118","","","","","","","","",""
"555.428461426","","","","","","","","","","29.227446383606843","29.227446383606843","29.227446383606843","31.71805808804376","31.71805808804376","31.71805808804376","30.80202092558826","30.80202092558826","30.80202092558826"
"570.353208554","28.697794564556744","28.697794564556744","28.697794564556744","30.997384301467395","30.997384301467395","30.997384301467395","30.207247981245118","30.207247981245118","30.207247981245118","","","","","","","","",""
"570.370897236","28.697794564556744","28.697794564556744","28.697794564556744","30.997384301467395","30.997384301467395","30.997384301467395","30.207247981245118","30.207247981245118","30.207247981245118","","","","","","","","",""
"570.427413378","","","","","","","","","","29.227446383606843","29.227446383606843","29.227446383606843","31.71805808804376","31.71805808804376","31.71805808804376","30.80202092558826","30.80202092558826","30.80202092558826"
"585.355836412","28.697794564556744","28.697794564556744","28.697794564556744","30.997384301467395","30.997384301467395","30.997384301467395","30.207247981245118","30.207247981245118","30.207247981245118","","","","","","","","",""
"585.36960566","28.697794564556744","28.697794564556744","28.697794564556744","30.997384301467395","30.997384301467395","30.997384301467395","30.207247981245118","30.207247981245118","30.207247981245118","","","","","","","","",""
"585.426184353","","","","","","","","","","29.227446383606843","29.227446383606843","29.227446383606843","31.71805808804376","31.71805808804376","31.71805808804376","30.80202092558826","30.80202092558826","30.80202092558826"
"600.355572738","28.697794564556744","28.697794564556744","28.697794564556744","30.997384301467395","30.997384301467395","30.997384301467395","30.207247981245118","30.207247981245118","30.207247981245118","","","","","","","","",""
"600.366063246","28.697794564556744","28.697794564556744","28.697794564556744","30.997384301467395","30.997384301467395","30.997384301467395","30.207247981245118","30.207247981245118","30.207247981245118","","","","","","","","",""
"600.423703345","","","","","","","","","","29.227446383606843","29.227446383606843","29.227446383606843","31.71805808804376","31.71805808804376","31.71805808804376","30.80202092558826","30.80202092558826","30.80202092558826"
"615.355518172","28.697794564556744","28.697794564556744","28.697794564556744","30.997384301467395","30.997384301467395","30.997384301467395","30.207247981245118","30.207247981245118","30.207247981245118","","","","","","","","",""
"615.372144736","28.697794564556744","28.697794564556744","28.697794564556744","30.997384301467395","30.997384301467395","30.997384301467395","30.207247981245118","30.207247981245118","30.207247981245118","","","","","","","","",""
"615.430214347","","","","","","","","","","29.227446383606843","29.227446383606843","29.227446383606843","31.71805808804376","31.71805808804376","31.71805808804376","30.80202092558826","30.80202092558826","30.80202092558826"
"630.354421967","28.697794564556744","28.697794564556744","28.697794564556744","30.997384301467395","30.997384301467395","30.997384301467395","30.207247981245118","30.207247981245118","30.207247981245118","","","","","","","","",""
"630.369821792","28.697794564556744","28.697794564556744","28.697794564556744","30.997384301467395","30.997384301467395","30.997384301467395","30.207247981245118","30.207247981245118","30.207247981245118","","","","","","","","",""
"630.432425912","","","","","","","","","","29.227446383606843","29.227446383606843","29.227446383606843","31.71805808804376","31.71805808804376","31.71805808804376","30.80202092558826","30.80202092558826","30.80202092558826"
"645.355021532","28.697794564556744","28.697794564556744","28.697794564556744","30.997384301467395","30.997384301467395","30.997384301467395","30.207247981245118","30.207247981245118","30.207247981245118","","","","","","","","",""
"645.37460779","28.697794564556744","28.697794564556744","28.697794564556744","30.997384301467395","30.997384301467395","30.997384301467395","30.207247981245118","30.207247981245118","30.207247981245118","","","","","","","","",""
"645.42552919","","","","","","","","","","29.227446383606843","29.227446383606843","29.227446383606843","31.71805808804376","31.71805808804376","31.71805808804376","30.80202092558826","30.80202092558826","30.80202092558826"
"660.350945047","28.697794564556744","28.697794564556744","28.697794564556744","30.997384301467395","30.997384301467395","30.997384301467395","30.207247981245118","30.207247981245118","30.207247981245118","","","","","","","","",""
"660.372069894","28.697794564556744","28.697794564556744","28.697794564556744","30.997384301467395","30.997384301467395","30.997384301467395","30.207247981245118","30.207247981245118","30.207247981245118","","","","","","","","",""
"660.424872558","","","","","","","","","","33.62963445341669","33.62963445341669","33.62963445341669","31.71805808804376","31.71805808804376","31.71805808804376","30.80202092558826","30.80202092558826","30.80202092558826"
"675.350087114","28.697794564556744","28.697794564556744","28.697794564556744","30.997384301467395","30.997384301467395","30.997384301467395","30.207247981245118","30.207247981245118","30.207247981245118","","","","","","","","",""
"675.37708875","28.697794564556744","28.697794564556744","28.697794564556744","30.997384301467395","30.997384301467395","30.997384301467395","30.207247981245118","30.207247981245118","30.207247981245118","","","","","","","","",""
"675.430364355","","","","","","","","","","33.62963445341669","33.62963445341669","33.62963445341669","31.71805808804376","31.71805808804376","31.71805808804376","30.80202092558826","30.80202092558826","30.80202092558826"
"690.350155624","28.697794564556744","28.697794564556744","28.697794564556744","30.997384301467395","30.997384301467395","30.997384301467395","30.207247981245118","30.207247981245118","30.207247981245118","","","","","","","","",""
"690.371343487","28.697794564556744","28.697794564556744","28.697794564556744","30.997384301467395","30.997384301467395","30.997384301467395","30.207247981245118","30.207247981245118","30.207247981245118","","","","","","","","",""
"690.428484665","","","","","","","","","","33.62963445341669","33.62963445341669","33.62963445341669","31.71805808804376","31.71805808804376","31.71805808804376","30.80202092558826","30.80202092558826","30.80202092558826"
"705.351557555","28.697794564556744","28.697794564556744","28.697794564556744","30.997384301467395","30.997384301467395","30.997384301467395","30.207247981245118","30.207247981245118","30.207247981245118","","","","","","","","",""
"705.364359301","28.697794564556744","28.697794564556744","28.697794564556744","30.997384301467395","30.997384301467395","30.997384301467395","30.207247981245118","30.207247981245118","30.207247981245118","","","","","","","","",""
"705.423564699","","","","","","","","","","33.62963445341669","33.62963445341669","33.62963445341669","31.71805808804376","31.71805808804376","31.71805808804376","34.02334592341756","34.02334592341756","34.02334592341756"
"720.35262195","28.697794564556744","28.697794564556744","28.697794564556744","30.997384301467395","30.997384301467395","30.997384301467395","30.207247981245118","30.207247981245118","30.207247981245118","","","","","","","","",""
"720.37536212","28.697794564556744","28.697794564556744","28.697794564556744","30.997384301467395","30.997384301467395","30.997384301467395","30.207247981245118","30.207247981245118","30.207247981245118","","","","","","","","",""
"720.424309856","","","","","","","","","","33.62963445341669","33.62963445341669","33.62963445341669","31.71805808804376","31.71805808804376","31.71805808804376","34.02334592341756","34.02334592341756","34.02334592341756"
"735.353406622","28.697794564556744","28.697794564556744","28.697794564556744","30.997384301467395","30.997384301467395","30.997384301467395","30.207247981245118","30.207247981245118","30.207247981245118","","","","","","","","",""
"735.372632673","28.697794564556744","28.697794564556744","28.697794564556744","30.997384301467395","30.997384301467395","30.997384301467395","30.207247981245118","30.207247981245118","30.207247981245118","","","","","","","","",""
"735.426757469","","","","","","","","","","33.62963445341669","33.62963445341669","33.62963445341669","31.71805808804376","31.71805808804376","31.71805808804376","34.02334592341756","34.02334592341756","34.02334592341756"
"750.349723693","33.09998263436659","33.09998263436659","33.09998263436659","30.997384301467395","30.997384301467395","30.997384301467395","30.211589389597986","30.211589389597986","30.211589389597986","","","","","","","","",""
"750.37434709","33.09998263436659","33.09998263436659","33.09998263436659","30.997384301467395","30.997384301467395","30.997384301467395","30.207247981245118","30.207247981245118","30.207247981245118","","","","","","","","",""
"750.424362844","","","","","","","","","","33.62963445341669","33.62963445341669","33.62963445341669","31.71805808804376","31.71805808804376","31.71805808804376","34.02334592341756","34.02334592341756","34.02334592341756"
"765.345753954","33.09998263436659","33.09998263436659","33.09998263436659","30.997384301467395","30.997384301467395","30.997384301467395","30.211589389597986","30.211589389597986","30.211589389597986","","","","","","","","",""
"765.371507623","33.09998263436659","33.09998263436659","33.09998263436659","30.997384301467395","30.997384301467395","30.997384301467395","30.211589389597986","30.211589389597986","30.211589389597986","","","","","","","","",""
"765.420038585","","","","","","","","","","33.62963445341669","33.62963445341669","33.62963445341669","31.71805808804376","31.71805808804376","31.71805808804376","34.02334592341756","34.02334592341756","34.02334592341756"
"780.350485606","33.09998263436659","33.09998263436659","33.09998263436659","30.997384301467395","30.997384301467395","30.997384301467395","30.211589389597986","30.211589389597986","30.211589389597986","","","","","","","","",""
"780.377035326","33.09998263436659","33.09998263436659","33.09998263436659","30.997384301467395","30.997384301467395","30.997384301467395","30.211589389597986","30.211589389597986","30.211589389597986","","","","","","","","",""
"780.427900902","","","","","","","","","","33.62963445341669","33.62963445341669","33.62963445341669","31.71805808804376","31.71805808804376","31.71805808804376","34.02334592341756","34.02334592341756","34.02334592341756"
"795.350596641","33.09998263436659","33.09998263436659","33.09998263436659","30.997384301467395","30.997384301467395","30.997384301467395","33.43291438742728","33.43291438742728","33.43291438742728","","","","","","","","",""
"795.37453189","33.09998263436659","33.09998263436659","33.09998263436659","30.997384301467395","30.997384301467395","30.997384301467395","30.211589389597986","30.211589389597986","30.211589389597986","","","","","","","","",""
"795.433716461","","","","","","","","","","33.62963445341669","33.62963445341669","33.62963445341669","31.71805808804376","31.71805808804376","31.71805808804376","34.02334592341756","34.02334592341756","34.02334592341756"
"810.357751987","33.09998263436659","33.09998263436659","33.09998263436659","30.997384301467395","30.997384301467395","30.997384301467395","33.43291438742728","33.43291438742728","33.43291438742728","","","","","","","","",""
"810.368421551","33.09998263436659","33.09998263436659","33.09998263436659","30.997384301467395","30.997384301467395","30.997384301467395","33.43291438742728","33.43291438742728","33.43291438742728","","","","","","","","",""
"810.428202695","","","","","","","","","","33.62963445341669","33.62963445341669","33.62963445341669","31.71805808804376","31.71805808804376","31.71805808804376","37.253353737952594","37.253353737952594","37.253353737952594"
"825.364490185","33.09998263436659","33.09998263436659","33.09998263436659","30.997384301467395","30.997384301467395","30.997384301467395","33.43291438742728","33.43291438742728","33.43291438742728","","","","","","","","",""
"825.367013353","33.09998263436659","33.09998263436659","33.09998263436659","30.997384301467395","30.997384301467395","30.997384301467395","33.43291438742728","33.43291438742728","33.43291438742728","","","","","","","","",""
"825.426821541","","","","","","","","","","33.62963445341669","33.62963445341669","33.62963445341669","31.71805808804376","31.71805808804376","31.71805808804376","37.253353737952594","37.253353737952594","37.253353737952594"
"840.357881294","33.09998263436659","33.09998263436659","33.09998263436659","30.997384301467395","30.997384301467395","30.997384301467395","33.43291438742728","33.43291438742728","33.43291438742728","","","","","","","","",""
"840.374256055","33.09998263436659","33.09998263436659","33.09998263436659","30.997384301467395","30.997384301467395","30.997384301467395","33.43291438742728","33.43291438742728","33.43291438742728","","","","","","","","",""
"840.427897712","","","","","","","","","","33.62963445341669","33.62963445341669","33.62963445341669","31.71805808804376","31.71805808804376","31.71805808804376","37.253353737952594","37.253353737952594","37.253353737952594"
"855.354333147","33.09998263436659","33.09998263436659","33.09998263436659","30.997384301467395","30.997384301467395","30.997384301467395","33.43291438742728","33.43291438742728","33.43291438742728","","","","","","","","",""
"855.369129801","33.09998263436659","33.09998263436659","33.09998263436659","30.997384301467395","30.997384301467395","30.997384301467395","33.43291438742728","33.43291438742728","33.43291438742728","","","","","","","","",""
"855.523233617","","","","","","","","","","33.62963445341669","33.62963445341669","33.62963445341669","31.71805808804376","31.71805808804376","31.71805808804376","37.253353737952594","37.253353737952594","37.253353737952594"
"870.356382942","33.09998263436659","33.09998263436659","33.09998263436659","30.997384301467395","30.997384301467395","30.997384301467395","33.43291438742728","33.43291438742728","33.43291438742728","","","","","","","","",""
"870.373791492","33.09998263436659","33.09998263436659","33.09998263436659","30.997384301467395","30.997384301467395","30.997384301467395","33.43291438742728","33.43291438742728","33.43291438742728","","","","","","","","",""
"870.428777269","","","","","","","","","","33.62963445341669","33.62963445341669","33.62963445341669","31.71805808804376","31.71805808804376","31.71805808804376","37.253353737952594","37.253353737952594","37.253353737952594"
"885.359119122","33.09998263436659","33.09998263436659","33.09998263436659","30.997384301467395","30.997384301467395","30.997384301467395","33.43291438742728","33.43291438742728","33.43291438742728","","","","","","","","",""
"885.379179372","33.09998263436659","33.09998263436659","33.09998263436659","30.997384301467395","30.997384301467395","30.997384301467395","33.43291438742728","33.43291438742728","33.43291438742728","","","","","","","","",""
"885.428940879","","","","","","","","","","33.62963445341669","33.62963445341669","33.62963445341669","31.71805808804376","31.71805808804376","31.71805808804376","37.253353737952594","37.253353737952594","37.253353737952594"
"900.362266596","33.09998263436659","33.09998263436659","33.09998263436659","30.997384301467395","30.997384301467395","30.997384301467395","33.43291438742728","33.43291438742728","33.43291438742728","","","","","","","","",""
"900.37740381","33.09998263436659","33.09998263436659","33.09998263436659","30.997384301467395","30.997384301467395","30.997384301467395","33.43291438742728","33.43291438742728","33.43291438742728","","","","","","","","",""
"900.427357737","","","","","","","","","","33.62963445341669","33.62963445341669","33.62963445341669","31.71805808804376","31.71805808804376","31.71805808804376","37.253353737952594","37.253353737952594","37.253353737952594"
"915.357573436","33.09998263436659","33.09998263436659","33.09998263436659","30.997384301467395","30.997384301467395","30.997384301467395","36.66292220196232","36.66292220196232","36.66292220196232","","","","","","","","",""
"915.381003006","33.09998263436659","33.09998263436659","33.09998263436659","30.997384301467395","30.997384301467395","30.997384301467395","33.43291438742728","33.43291438742728","33.43291438742728","","","","","","","","",""
"915.419436535","","","","","","","","","","33.62963445341669","33.62963445341669","33.62963445341669","31.71805808804376","31.71805808804376","31.71805808804376","37.253353737952594","37.253353737952594","37.253353737952594"
"930.355443339","33.09998263436659","33.09998263436659","33.09998263436659","30.997384301467395","30.997384301467395","30.997384301467395","36.66292220196232","36.66292220196232","36.66292220196232","","","","","","","","",""
"930.362318109","33.09998263436659","33.09998263436659","33.09998263436659","30.997384301467395","30.997384301467395","30.997384301467395","36.66292220196232","36.66292220196232","36.66292220196232","","","","","","","","",""
"930.425496682","","","","","","","","","","33.62963445341669","33.62963445341669","33.62963445341669","31.71805808804376","31.71805808804376","31.71805808804376","37.253353737952594","37.253353737952594","37.253353737952594"
"945.358243861","33.09998263436659","33.09998263436659","33.09998263436659","30.997384301467395","30.997384301467395","30.997384301467395","36.66292220196232","36.66292220196232","36.66292220196232","","","","","","","","",""
"945.374275207","33.09998263436659","33.09998263436659","33.09998263436659","30.997384301467395","30.997384301467395","30.997384301467395","36.66292220196232","36.66292220196232","36.66292220196232","","","","","","","","",""
"945.428012884","","","","","","","","","","33.62963445341669","33.62963445341669","33.62963445341669","31.71805808804376","31.71805808804376","31.71805808804376","37.253353737952594","37.253353737952594","37.253353737952594"
"960.351658192","33.09998263436659","33.09998263436659","33.09998263436659","30.997384301467395","30.997384301467395","30.997384301467395","36.66292220196232","36.66292220196232","36.66292220196232","","","","","","","","",""
"960.428079948","","","","","","","","","","33.62963445341669","33.62963445341669","33.62963445341669","31.71805808804376","31.71805808804376","31.71805808804376","37.253353737952594","37.253353737952594","37.253353737952594"
"975.351160315","33.09998263436659","33.09998263436659","33.09998263436659","30.997384301467395","30.997384301467395","30.997384301467395","36.66292220196232","36.66292220196232","36.66292220196232","","","","","","","","",""
"975.423018844","","","","","","","","","","33.62963445341669","33.62963445341669","33.62963445341669","31.71805808804376","31.71805808804376","31.71805808804376","37.253353737952594","37.253353737952594","37.253353737952594"
"990.351842601","33.09998263436659","33.09998263436659","33.09998263436659","30.997384301467395","30.997384301467395","30.997384301467395","36.66292220196232","36.66292220196232","36.66292220196232","","","","","","","","",""
"990.43007412","","","","","","","","","","33.62963445341669","33.62963445341669","33.62963445341669","31.71805808804376","31.71805808804376","31.71805808804376","37.253353737952594","37.253353737952594","37.253353737952594"
"1005.359506037","33.09998263436659","33.09998263436659","33.09998263436659","30.997384301467395","30.997384301467395","30.997384301467395","36.66292220196232","36.66292220196232","36.66292220196232","","","","","","","","",""
"1005.431520721","","","","","","","","","","33.62963445341669","33.62963445341669","33.62963445341669","31.71805808804376","31.71805808804376","31.71805808804376","37.253353737952594","37.253353737952594","37.253353737952594"
"1020.359312082","33.09998263436659","33.09998263436659","33.09998263436659","30.997384301467395","30.997384301467395","30.997384301467395","36.66292220196232","36.66292220196232","36.66292220196232","","","","","","","","",""
"1020.425376143","","","","","","","","","","33.62963445341669","33.62963445341669","33.62963445341669","31.71805808804376","31.71805808804376","31.71805808804376","37.253353737952594","37.253353737952594","37.253353737952594"
"1035.354141733","33.09998263436659","33.09998263436659","33.09998263436659","30.997384301467395","30.997384301467395","30.997384301467395","36.66292220196232","36.66292220196232","36.66292220196232","","","","","","","","",""
"1035.423086829","","","","","","","","","","33.62963445341669","33.62963445341669","33.62963445341669","31.71805808804376","31.71805808804376","31.71805808804376","37.253353737952594","37.253353737952594","37.253353737952594"
"1050.395683031","33.09998263436659","33.09998263436659","33.09998263436659","30.997384301467395","30.997384301467395","30.997384301467395","36.66292220196232","36.66292220196232","36.66292220196232","","","","","","","","",""
"1050.426541367","","","","","","","","","","33.62963445341669","33.62963445341669","33.62963445341669","31.71805808804376","31.71805808804376","31.71805808804376","37.253353737952594","37.253353737952594","37.253353737952594"
"1065.351027747","33.09998263436659","33.09998263436659","33.09998263436659","30.997384301467395","30.997384301467395","30.997384301467395","36.66292220196232","36.66292220196232","36.66292220196232","","","","","","","","",""
"1065.420512436","","","","","","","","","","33.62963445341669","33.62963445341669","33.62963445341669","31.71805808804376","31.71805808804376","31.71805808804376","37.253353737952594","37.253353737952594","37.253353737952594"
"1080.360421876","33.09998263436659","33.09998263436659","33.09998263436659","30.997384301467395","30.997384301467395","30.997384301467395","36.66292220196232","36.66292220196232","36.66292220196232","","","","","","","","",""
"1080.426287845","","","","","","","","","","33.62963445341669","33.62963445341669","33.62963445341669","31.71805808804376","31.71805808804376","31.71805808804376","37.253353737952594","37.253353737952594","37.253353737952594"
"1095.400795448","33.09998263436659","33.09998263436659","33.09998263436659","30.997384301467395","30.997384301467395","30.997384301467395","36.66292220196232","36.66292220196232","36.66292220196232","","","","","","","","",""
"1095.42724537","","","","","","","","","","33.62963445341669","33.62963445341669","33.62963445341669","31.71805808804376","31.71805808804376","31.71805808804376","37.253353737952594","37.253353737952594","37.253353737952594"
"1110.352770692","33.09998263436659","33.09998263436659","33.09998263436659","30.997384301467395","30.997384301467395","30.997384301467395","36.66292220196232","36.66292220196232","36.66292220196232","","","","","","","","",""
"1110.42766547","","","","","","","","","","33.62963445341669","33.62963445341669","33.62963445341669","31.71805808804376","31.71805808804376","31.71805808804376","37.253353737952594","37.253353737952594","37.253353737952594"
"1125.359333551","33.09998263436659","33.09998263436659","33.09998263436659","30.997384301467395","30.997384301467395","30.997384301467395","36.66292220196232","36.66292220196232","36.66292220196232","","","","","","","","",""
"1125.424811193","","","","","","","","","","33.62963445341669","33.62963445341669","33.62963445341669","31.71805808804376","31.71805808804376","31.71805808804376","37.253353737952594","37.253353737952594","37.253353737952594"
"1140.355537324","33.09998263436659","33.09998263436659","33.09998263436659","30.997384301467395","30.997384301467395","30.997384301467395","36.66292220196232","36.66292220196232","36.66292220196232","","","","","","","","",""
"1140.425490968","","","","","","","","","","33.62963445341669","33.62963445341669","33.62963445341669","31.71805808804376","31.71805808804376","31.71805808804376","37.253353737952594","37.253353737952594","37.253353737952594"
"1155.353908143","33.09998263436659","33.09998263436659","33.09998263436659","30.997384301467395","30.997384301467395","30.997384301467395","36.66292220196232","36.66292220196232","36.66292220196232","","","","","","","","",""
"1155.427681032","","","","","","","","","","33.62963445341669","33.62963445341669","33.62963445341669","31.71805808804376","31.71805808804376","31.71805808804376","37.253353737952594","37.253353737952594","37.253353737952594"
"1170.352882432","33.09998263436659","33.09998263436659","33.09998263436659","30.997384301467395","30.997384301467395","30.997384301467395","36.66292220196232","36.66292220196232","36.66292220196232","","","","","","","","",""
"1170.425545195","","","","","","","","","","33.62963445341669","33.62963445341669","33.62963445341669","31.71805808804376","31.71805808804376","31.71805808804376","37.253353737952594","37.253353737952594","37.253353737952594"
"1185.349453688","33.09998263436659","33.09998263436659","33.09998263436659","30.997384301467395","30.997384301467395","30.997384301467395","36.66292220196232","36.66292220196232","36.66292220196232","","","","","","","","",""
"1185.429999921","","","","","","","","","","33.62963445341669","33.62963445341669","33.62963445341669","31.71805808804376","31.71805808804376","31.71805808804376","37.253353737952594","37.253353737952594","37.253353737952594"
"1200.350601957","33.09998263436659","33.09998263436659","33.09998263436659","30.997384301467395","30.997384301467395","30.997384301467395","36.66292220196232","36.66292220196232","36.66292220196232","","","","","","","","",""
"1200.432670807","","","","","","","","","","33.62963445341669","33.62963445341669","33.62963445341669","31.71805808804376","31.71805808804376","31.71805808804376","37.253353737952594","37.253353737952594","37.253353737952594"
"1215.360784488","33.09998263436659","33.09998263436659","33.09998263436659","30.997384301467395","30.997384301467395","30.997384301467395","36.66292220196232","36.66292220196232","36.66292220196232","","","","","","","","",""
"1215.424409472","","","","","","","","","","33.62963445341669","33.62963445341669","33.62963445341669","31.71805808804376","31.71805808804376","31.71805808804376","37.253353737952594","37.253353737952594","37.253353737952594"
"1230.358986198","33.09998263436659","33.09998263436659","33.09998263436659","30.997384301467395","30.997384301467395","30.997384301467395","36.66292220196232","36.66292220196232","36.66292220196232","","","","","","","","",""
"1230.423260884","","","","","","","","","","33.62963445341669","33.62963445341669","33.62963445341669","31.71805808804376","31.71805808804376","31.71805808804376","40.405216202135975","40.405216202135975","40.405216202135975"
"1245.350999168","33.09998263436659","33.09998263436659","33.09998263436659","30.997384301467395","30.997384301467395","30.997384301467395","36.66292220196232","36.66292220196232","36.66292220196232","","","","","","","","",""
"1245.424410342","","","","","","","","","","33.62963445341669","33.62963445341669","33.62963445341669","31.71805808804376","31.71805808804376","31.71805808804376","40.405216202135975","40.405216202135975","40.405216202135975"
"1260.348348317","33.09998263436659","33.09998263436659","33.09998263436659","30.997384301467395","30.997384301467395","30.997384301467395","36.66292220196232","36.66292220196232","36.66292220196232","","","","","","","","",""
"1260.42168824","","","","","","","","","","33.62963445341669","33.62963445341669","33.62963445341669","31.71805808804376","31.71805808804376","31.71805808804376","40.405216202135975","40.405216202135975","40.405216202135975"
"1275.359373438","33.09998263436659","33.09998263436659","33.09998263436659","30.997384301467395","30.997384301467395","30.997384301467395","36.66292220196232","36.66292220196232","36.66292220196232","","","","","","","","",""
"1275.563801267","","","","","","","","","","33.62963445341669","33.62963445341669","33.62963445341669","31.71805808804376","31.71805808804376","31.71805808804376","40.405216202135975","40.405216202135975","40.405216202135975"
"1290.353116964","33.09998263436659","33.09998263436659","33.09998263436659","30.997384301467395","30.997384301467395","30.997384301467395","36.66292220196232","36.66292220196232","36.66292220196232","","","","","","","","",""
"1290.427370245","","","","","","","","","","33.62963445341669","33.62963445341669","33.62963445341669","31.71805808804376","31.71805808804376","31.71805808804376","40.405216202135975","40.405216202135975","40.405216202135975"
"1305.354946489","33.09998263436659","33.09998263436659","33.09998263436659","30.997384301467395","30.997384301467395","30.997384301467395","36.66292220196232","36.66292220196232","36.66292220196232","","","","","","","","",""
"1305.422730585","","","","","","","","","","33.62963445341669","33.62963445341669","33.62963445341669","31.71805808804376","31.71805808804376","31.71805808804376","40.405216202135975","40.405216202135975","40.405216202135975"
"1320.360011293","33.09998263436659","33.09998263436659","33.09998263436659","30.997384301467395","30.997384301467395","30.997384301467395","36.66292220196232","36.66292220196232","36.66292220196232","","","","","","","","",""
"1320.426369796","","","","","","","","","","33.62963445341669","33.62963445341669","33.62963445341669","31.71805808804376","31.71805808804376","31.71805808804376","40.405216202135975","40.405216202135975","40.405216202135975"
"1335.35313367","33.09998263436659","33.09998263436659","33.09998263436659","30.997384301467395","30.997384301467395","30.997384301467395","36.66292220196232","36.66292220196232","36.66292220196232","","","","","","","","",""
"1335.425839529","","","","","","","","","","33.62963445341669","33.62963445341669","33.62963445341669","31.71805808804376","31.71805808804376","31.71805808804376","40.405216202135975","40.405216202135975","40.405216202135975"
"1350.348441443","33.09998263436659","33.09998263436659","33.09998263436659","30.997384301467395","30.997384301467395","30.997384301467395","36.66292220196232","36.66292220196232","36.66292220196232","","","","","","","","",""
"1350.428187834","","","","","","","","","","33.62963445341669","33.62963445341669","33.62963445341669","31.71805808804376","31.71805808804376","31.71805808804376","40.405216202135975","40.405216202135975","40.405216202135975"
"1365.358758179","33.09998263436659","33.09998263436659","33.09998263436659","30.997384301467395","30.997384301467395","30.997384301467395","36.66292220196232","36.66292220196232","36.66292220196232","","","","","","","","",""
"1365.42453393","","","","","","","","","","33.62963445341669","33.62963445341669","33.62963445341669","31.71805808804376","31.71805808804376","31.71805808804376","40.405216202135975","40.405216202135975","40.405216202135975"
"1380.354033752","33.09998263436659","33.09998263436659","33.09998263436659","30.997384301467395","30.997384301467395","30.997384301467395","36.66292220196232","36.66292220196232","36.66292220196232","","","","","","","","",""
"1380.41974757","","","","","","","","","","33.62963445341669","33.62963445341669","33.62963445341669","31.71805808804376","31.71805808804376","31.71805808804376","40.405216202135975","40.405216202135975","40.405216202135975"
"1395.356144298","33.09998263436659","33.09998263436659","33.09998263436659","30.997384301467395","30.997384301467395","30.997384301467395","39.8147846661457","39.8147846661457","39.8147846661457","","","","","","","","",""
"1395.424135161","","","","","","","","","","33.62963445341669","33.62963445341669","33.62963445341669","31.71805808804376","31.71805808804376","31.71805808804376","40.405216202135975","40.405216202135975","40.405216202135975"
"1410.346798268","33.09998263436659","33.09998263436659","33.09998263436659","30.997384301467395","30.997384301467395","30.997384301467395","39.8147846661457","39.8147846661457","39.8147846661457","","","","","","","","",""
"1410.422762583","","","","","","","","","","33.62963445341669","33.62963445341669","33.62963445341669","31.71805808804376","31.71805808804376","31.71805808804376","40.405216202135975","40.405216202135975","40.405216202135975"
"1425.358915616","33.09998263436659","33.09998263436659","33.09998263436659","30.997384301467395","30.997384301467395","30.997384301467395","39.8147846661457","39.8147846661457","39.8147846661457","","","","","","","","",""
"1425.426838683","","","","","","","","","","33.62963445341669","33.62963445341669","33.62963445341669","31.71805808804376","31.71805808804376","31.71805808804376","40.405216202135975","40.405216202135975","40.405216202135975"
"1440.356461169","33.09998263436659","33.09998263436659","33.09998263436659","30.997384301467395","30.997384301467395","30.997384301467395","39.8147846661457","39.8147846661457","39.8147846661457","","","","","","","","",""
"1440.458568242","","","","","","","","","","33.62963445341669","33.62963445341669","33.62963445341669","31.71805808804376","31.71805808804376","31.71805808804376","40.405216202135975","40.405216202135975","40.405216202135975"
"1455.356346575","33.09998263436659","33.09998263436659","33.09998263436659","30.997384301467395","30.997384301467395","30.997384301467395","39.8147846661457","39.8147846661457","39.8147846661457","","","","","","","","",""
"1455.569553008","","","","","","","","","","33.62963445341669","33.62963445341669","33.62963445341669","31.71805808804376","31.71805808804376","31.71805808804376","40.405216202135975","40.405216202135975","40.405216202135975"
"1470.352661515","33.09998263436659","33.09998263436659","33.09998263436659","30.997384301467395","30.997384301467395","30.997384301467395","39.8147846661457","39.8147846661457","39.8147846661457","","","","","","","","",""
"1470.431414713","","","","","","","","","","33.62963445341669","33.62963445341669","33.62963445341669","31.71805808804376","31.71805808804376","31.71805808804376","40.405216202135975","40.405216202135975","40.405216202135975"
"1485.353442438","33.09998263436659","33.09998263436659","33.09998263436659","30.997384301467395","30.997384301467395","30.997384301467395","39.8147846661457","39.8147846661457","39.8147846661457","","","","","","","","",""
"1485.423943842","","","","","","","","","","33.62963445341669","33.62963445341669","33.62963445341669","31.71805808804376","31.71805808804376","31.71805808804376","40.405216202135975","40.405216202135975","40.405216202135975"
"1500.355961893","33.09998263436659","33.09998263436659","33.09998263436659","30.997384301467395","30.997384301467395","30.997384301467395","39.8147846661457","39.8147846661457","39.8147846661457","","","","","","","","",""
"1500.427903479","","","","","","","","","","33.62963445341669","33.62963445341669","33.62963445341669","31.71805808804376","31.71805808804376","31.71805808804376","40.405216202135975","40.405216202135975","40.405216202135975"
"1515.356371442","33.09998263436659","33.09998263436659","33.09998263436659","30.997384301467395","30.997384301467395","30.997384301467395","39.8147846661457","39.8147846661457","39.8147846661457","","","","","","","","",""
"1515.422299697","","","","","","","","","","33.62963445341669","33.62963445341669","33.62963445341669","31.71805808804376","31.71805808804376","31.71805808804376","40.405216202135975","40.405216202135975","40.405216202135975"
"1530.359022498","33.09998263436659","33.09998263436659","33.09998263436659","30.997384301467395","30.997384301467395","30.997384301467395","39.8147846661457","39.8147846661457","39.8147846661457","","","","","","","","",""
"1530.426858132","","","","","","","","","","33.62963445341669","33.62963445341669","33.62963445341669","31.71805808804376","31.71805808804376","31.71805808804376","40.405216202135975","40.405216202135975","40.405216202135975"
"1545.356521084","33.09998263436659","33.09998263436659","33.09998263436659","30.997384301467395","30.997384301467395","30.997384301467395","39.8147846661457","39.8147846661457","39.8147846661457","","","","","","","","",""
"1545.421249167","","","","","","","","","","33.62963445341669","33.62963445341669","33.62963445341669","31.71805808804376","31.71805808804376","31.71805808804376","40.405216202135975","40.405216202135975","40.405216202135975"
"1560.35360054","33.09998263436659","33.09998263436659","33.09998263436659","30.997384301467395","30.997384301467395","30.997384301467395","39.8147846661457","39.8147846661457","39.8147846661457","","","","","","","","",""
"1560.427768269","","","","","","","","","","33.62963445341669","33.62963445341669","33.62963445341669","31.71805808804376","31.71805808804376","31.71805808804376","40.405216202135975","40.405216202135975","40.405216202135975"
"1575.359246378","33.09998263436659","33.09998263436659","33.09998263436659","30.997384301467395","30.997384301467395","30.997384301467395","39.8147846661457","39.8147846661457","39.8147846661457","","","","","","","","",""
"1575.421563196","","","","","","","","","","33.62963445341669","33.62963445341669","33.62963445341669","31.71805808804376","31.71805808804376","31.71805808804376","40.405216202135975","40.405216202135975","40.405216202135975"
"1590.358758932","33.09998263436659","33.09998263436659","33.09998263436659","30.997384301467395","30.997384301467395","30.997384301467395","39.8147846661457","39.8147846661457","39.8147846661457","","","","","","","","",""
"1590.42830011","","","","","","","","","","33.62963445341669","33.62963445341669","33.62963445341669","31.71805808804376","31.71805808804376","31.71805808804376","40.405216202135975","40.405216202135975","40.405216202135975"
"1605.352861476","33.09998263436659","33.09998263436659","33.09998263436659","30.997384301467395","30.997384301467395","30.997384301467395","39.8147846661457","39.8147846661457","39.8147846661457","","","","","","","","",""
"1605.427507248","","","","","","","","","","33.62963445341669","33.62963445341669","33.62963445341669","31.71805808804376","31.71805808804376","31.71805808804376","40.405216202135975","40.405216202135975","40.405216202135975"
"1620.352911618","33.09998263436659","33.09998263436659","33.09998263436659","30.997384301467395","30.997384301467395","30.997384301467395","39.8147846661457","39.8147846661457","39.8147846661457","","","","","","","","",""
"1620.407503936","","","","","","","","","","33.633975861769564","33.633975861769564","33.633975861769564","31.71805808804376","31.71805808804376","31.71805808804376","40.405216202135975","40.405216202135975","40.405216202135975"
"1635.35546583","33.09998263436659","33.09998263436659","33.09998263436659","30.997384301467395","30.997384301467395","30.997384301467395","39.8147846661457","39.8147846661457","39.8147846661457","","","","","","","","",""
"1635.40789676","","","","","","","","","","33.633975861769564","33.633975861769564","33.633975861769564","31.71805808804376","31.71805808804376","31.71805808804376","40.405216202135975","40.405216202135975","40.405216202135975"
"1650.357845383","33.09998263436659","33.09998263436659","33.09998263436659","30.997384301467395","30.997384301467395","30.997384301467395","39.8147846661457","39.8147846661457","39.8147846661457","","","","","","","","",""
"1650.408292413","","","","","","","","","","33.633975861769564","33.633975861769564","33.633975861769564","31.71805808804376","31.71805808804376","31.71805808804376","40.405216202135975","40.405216202135975","40.405216202135975"
"1665.35356438","33.09998263436659","33.09998263436659","33.09998263436659","30.997384301467395","30.997384301467395","30.997384301467395","39.8147846661457","39.8147846661457","39.8147846661457","","","","","","","","",""
"1665.406743686","","","","","","","","","","33.633975861769564","33.633975861769564","33.633975861769564","31.71805808804376","31.71805808804376","31.71805808804376","40.405216202135975","40.405216202135975","40.405216202135975"
"1680.354203813","33.09998263436659","33.09998263436659","33.09998263436659","30.997384301467395","30.997384301467395","30.997384301467395","39.8147846661457","39.8147846661457","39.8147846661457","","","","","","","","",""
"1680.4069849","","","","","","","","","","33.633975861769564","33.633975861769564","33.633975861769564","31.71805808804376","31.71805808804376","31.71805808804376","40.405216202135975","40.405216202135975","40.405216202135975"
"1695.358884691","33.09998263436659","33.09998263436659","33.09998263436659","30.997384301467395","30.997384301467395","30.997384301467395","39.8147846661457","39.8147846661457","39.8147846661457","","","","","","","","",""
"1695.407987074","","","","","","","","","","33.633975861769564","33.633975861769564","33.633975861769564","31.71805808804376","31.71805808804376","31.71805808804376","40.405216202135975","40.405216202135975","40.405216202135975"
"1710.347003509","33.09998263436659","33.09998263436659","33.09998263436659","30.997384301467395","30.997384301467395","30.997384301467395","39.8147846661457","39.8147846661457","39.8147846661457","","","","","","","","",""
"1710.409443031","","","","","","","","","","33.633975861769564","33.633975861769564","33.633975861769564","31.71805808804376","31.71805808804376","31.71805808804376","40.405216202135975","40.405216202135975","40.405216202135975"
"1725.3543786","33.09998263436659","33.09998263436659","33.09998263436659","30.997384301467395","30.997384301467395","30.997384301467395","39.8147846661457","39.8147846661457","39.8147846661457","","","","","","","","",""
"1725.408943153","","","","","","","","","","33.633975861769564","33.633975861769564","33.633975861769564","31.71805808804376","31.71805808804376","31.71805808804376","40.405216202135975","40.405216202135975","40.405216202135975"
"1740.376997903","33.09998263436659","33.09998263436659","33.09998263436659","30.997384301467395","30.997384301467395","30.997384301467395","39.8147846661457","39.8147846661457","39.8147846661457","","","","","","","","",""
"1740.407506248","","","","","","","","","","33.633975861769564","33.633975861769564","33.633975861769564","31.71805808804376","31.71805808804376","31.71805808804376","40.405216202135975","40.405216202135975","40.405216202135975"
"1755.352765426","33.09998263436659","33.09998263436659","33.09998263436659","30.997384301467395","30.997384301467395","30.997384301467395","39.8147846661457","39.8147846661457","39.8147846661457","","","","","","","","",""
"1755.406426344","","","","","","","","","","33.633975861769564","33.633975861769564","33.633975861769564","31.71805808804376","31.71805808804376","31.71805808804376","40.405216202135975","40.405216202135975","40.405216202135975"
"1770.351584081","33.09998263436659","33.09998263436659","33.09998263436659","30.997384301467395","30.997384301467395","30.997384301467395","39.8147846661457","39.8147846661457","39.8147846661457","","","","","","","","",""
"1770.409667375","","","","","","","","","","33.633975861769564","33.633975861769564","33.633975861769564","31.71805808804376","31.71805808804376","31.71805808804376","40.405216202135975","40.405216202135975","40.405216202135975"
"1785.361154436","33.09998263436659","33.09998263436659","33.09998263436659","30.997384301467395","30.997384301467395","30.997384301467395","39.8147846661457","39.8147846661457","39.8147846661457","","","","","","","","",""
"1785.410172232","","","","","","","","","","33.633975861769564","33.633975861769564","33.633975861769564","31.71805808804376","31.71805808804376","31.71805808804376","40.405216202135975","40.405216202135975","40.405216202135975"
"1800.355815699","33.09998263436659","33.09998263436659","33.09998263436659","30.997384301467395","30.997384301467395","30.997384301467395","39.8147846661457","39.8147846661457","39.8147846661457","","","","","","","","",""
"1800.408077903","","","","","","","","","","33.633975861769564","33.633975861769564","33.633975861769564","31.71805808804376","31.71805808804376","31.71805808804376","40.405216202135975","40.405216202135975","40.405216202135975"
"1815.361514817","33.09998263436659","33.09998263436659","33.09998263436659","30.997384301467395","30.997384301467395","30.997384301467395","39.8147846661457","39.8147846661457","39.8147846661457","","","","","","","","",""
"1815.407642054","","","","","","","","","","33.633975861769564","33.633975861769564","33.633975861769564","31.71805808804376","31.71805808804376","31.71805808804376","40.405216202135975","40.405216202135975","40.405216202135975"
"1830.365830299","33.09998263436659","33.09998263436659","33.09998263436659","30.997384301467395","30.997384301467395","30.997384301467395","39.8147846661457","39.8147846661457","39.8147846661457","","","","","","","","",""
"1830.407976685","","","","","","","","","","33.633975861769564","33.633975861769564","33.633975861769564","31.71805808804376","31.71805808804376","31.71805808804376","40.405216202135975","40.405216202135975","40.405216202135975"
"1845.408529598","","","","","","","","","","33.633975861769564","33.633975861769564","33.633975861769564","31.71805808804376","31.71805808804376","31.71805808804376","40.405216202135975","40.405216202135975","40.405216202135975"
"1860.407294906","","","","","","","","","","33.633975861769564","33.633975861769564","33.633975861769564","31.71805808804376","31.71805808804376","31.71805808804376","40.405216202135975","40.405216202135975","40.405216202135975"
"1875.406672369","","","","","","","","","","33.633975861769564","33.633975861769564","33.633975861769564","31.71805808804376","31.71805808804376","31.71805808804376","40.405216202135975","40.405216202135975","40.405216202135975"
"1890.406705504","","","","","","","","","","33.633975861769564","33.633975861769564","33.633975861769564","31.71805808804376","31.71805808804376","31.71805808804376","40.405216202135975","40.405216202135975","40.405216202135975"
"1905.40672751","","","","","","","","","","33.633975861769564","33.633975861769564","33.633975861769564","31.71805808804376","31.71805808804376","31.71805808804376","40.405216202135975","40.405216202135975","40.405216202135975"
"1920.409110459","","","","","","","","","","33.633975861769564","33.633975861769564","33.633975861769564","31.71805808804376","31.71805808804376","31.71805808804376","40.405216202135975","40.405216202135975","40.405216202135975"
"1935.406232824","","","","","","","","","","33.633975861769564","33.633975861769564","33.633975861769564","31.71805808804376","31.71805808804376","31.71805808804376","40.405216202135975","40.405216202135975","40.405216202135975"
"1950.406721697","","","","","","","","","","33.633975861769564","33.633975861769564","33.633975861769564","31.71805808804376","31.71805808804376","31.71805808804376","40.405216202135975","40.405216202135975","40.405216202135975"
"1965.406388971","","","","","","","","","","33.633975861769564","33.633975861769564","33.633975861769564","31.71805808804376","31.71805808804376","31.71805808804376","40.405216202135975","40.405216202135975","40.405216202135975"
"1980.411710613","","","","","","","","","","33.633975861769564","33.633975861769564","33.633975861769564","31.71805808804376","31.71805808804376","31.71805808804376","40.405216202135975","40.405216202135975","40.405216202135975"
"1995.40819844","","","","","","","","","","33.633975861769564","33.633975861769564","33.633975861769564","31.71805808804376","31.71805808804376","31.71805808804376","40.405216202135975","40.405216202135975","40.405216202135975"
"2010.408566386","","","","","","","","","","33.633975861769564","33.633975861769564","33.633975861769564","31.71805808804376","31.71805808804376","31.71805808804376","40.405216202135975","40.405216202135975","40.405216202135975"
"2025.407129639","","","","","","","","","","33.633975861769564","33.633975861769564","33.633975861769564","31.71805808804376","31.71805808804376","31.71805808804376","40.405216202135975","40.405216202135975","40.405216202135975"
"2040.409531091","","","","","","","","","","33.633975861769564","33.633975861769564","33.633975861769564","31.71805808804376","31.71805808804376","31.71805808804376","40.405216202135975","40.405216202135975","40.405216202135975"
"2055.407141676","","","","","","","","","","33.633975861769564","33.633975861769564","33.633975861769564","31.71805808804376","31.71805808804376","31.71805808804376","40.405216202135975","40.405216202135975","40.405216202135975"
"2070.410249964","","","","","","","","","","33.633975861769564","33.633975861769564","33.633975861769564","31.71805808804376","31.71805808804376","31.71805808804376","40.405216202135975","40.405216202135975","40.405216202135975"
"2085.407178024","","","","","","","","","","33.633975861769564","33.633975861769564","33.633975861769564","31.71805808804376","31.71805808804376","31.71805808804376","40.405216202135975","40.405216202135975","40.405216202135975"
"2100.409154901","","","","","","","","","","33.633975861769564","33.633975861769564","33.633975861769564","31.71805808804376","31.71805808804376","31.71805808804376","40.405216202135975","40.405216202135975","40.405216202135975"
"2115.41118242","","","","","","","","","","33.633975861769564","33.633975861769564","33.633975861769564","31.71805808804376","31.71805808804376","31.71805808804376","40.405216202135975","40.405216202135975","40.405216202135975"
"2130.410463218","","","","","","","","","","33.633975861769564","33.633975861769564","33.633975861769564","31.71805808804376","31.71805808804376","31.71805808804376","40.405216202135975","40.405216202135975","40.405216202135975"
"2145.406633193","","","","","","","","","","33.633975861769564","33.633975861769564","33.633975861769564","31.71805808804376","31.71805808804376","31.71805808804376","40.405216202135975","40.405216202135975","40.405216202135975"
"2160.407093441","","","","","","","","","","33.633975861769564","33.633975861769564","33.633975861769564","31.71805808804376","31.71805808804376","31.71805808804376","40.405216202135975","40.405216202135975","40.405216202135975"
"2175.408858848","","","","","","","","","","33.633975861769564","33.633975861769564","33.633975861769564","31.71805808804376","31.71805808804376","31.71805808804376","40.405216202135975","40.405216202135975","40.405216202135975"
"2190.408415377","","","","","","","","","","33.633975861769564","33.633975861769564","33.633975861769564","31.71805808804376","31.71805808804376","31.71805808804376","40.405216202135975","40.405216202135975","40.405216202135975"
"2205.406148056","","","","","","","","","","33.633975861769564","33.633975861769564","33.633975861769564","31.71805808804376","31.71805808804376","31.71805808804376","40.405216202135975","40.405216202135975","40.405216202135975"
"2220.408972599","","","","","","","","","","33.633975861769564","33.633975861769564","33.633975861769564","31.71805808804376","31.71805808804376","31.71805808804376","40.405216202135975","40.405216202135975","40.405216202135975"
"2235.408624636","","","","","","","","","","33.633975861769564","33.633975861769564","33.633975861769564","31.71805808804376","31.71805808804376","31.71805808804376","40.405216202135975","40.405216202135975","40.405216202135975"
"2250.408760724","","","","","","","","","","33.633975861769564","33.633975861769564","33.633975861769564","31.71805808804376","31.71805808804376","31.71805808804376","40.405216202135975","40.405216202135975","40.405216202135975"
"2265.407433314","","","","","","","","","","33.633975861769564","33.633975861769564","33.633975861769564","31.71805808804376","31.71805808804376","31.71805808804376","40.405216202135975","40.405216202135975","40.405216202135975"
"2280.40663244","","","","","","","","","","33.633975861769564","33.633975861769564","33.633975861769564","31.71805808804376","31.71805808804376","31.71805808804376","40.405216202135975","40.405216202135975","40.405216202135975"
"2295.407326818","","","","","","","","","","33.633975861769564","33.633975861769564","33.633975861769564","31.71805808804376","31.71805808804376","31.71805808804376","40.405216202135975","40.405216202135975","40.405216202135975"
"2310.408590091","","","","","","","","","","33.633975861769564","33.633975861769564","33.633975861769564","31.71805808804376","31.71805808804376","31.71805808804376","40.405216202135975","40.405216202135975","40.405216202135975"
"2325.407037373","","","","","","","","","","33.633975861769564","33.633975861769564","33.633975861769564","31.71805808804376","31.71805808804376","31.71805808804376","40.405216202135975","40.405216202135975","40.405216202135975"
"2340.406912884","","","","","","","","","","33.633975861769564","33.633975861769564","33.633975861769564","31.71805808804376","31.71805808804376","31.71805808804376","40.405216202135975","40.405216202135975","40.405216202135975"
"2355.406747998","","","","","","","","","","33.633975861769564","33.633975861769564","33.633975861769564","31.71805808804376","31.71805808804376","31.71805808804376","40.405216202135975","40.405216202135975","40.405216202135975"
"2370.408562265","","","","","","","","","","33.633975861769564","33.633975861769564","33.633975861769564","31.71805808804376","31.71805808804376","31.71805808804376","40.405216202135975","40.405216202135975","40.405216202135975"
"2385.407052779","","","","","","","","","","33.633975861769564","33.633975861769564","33.633975861769564","31.71805808804376","31.71805808804376","31.71805808804376","40.405216202135975","40.405216202135975","40.405216202135975"
"2400.406416469","","","","","","","","","","33.633975861769564","33.633975861769564","33.633975861769564","31.71805808804376","31.71805808804376","31.71805808804376","40.405216202135975","40.405216202135975","40.405216202135975"
"2415.40683634","","","","","","","","","","33.633975861769564","33.633975861769564","33.633975861769564","31.71805808804376","31.71805808804376","31.71805808804376","40.405216202135975","40.405216202135975","40.405216202135975"
"2430.409092733","","","","","","","","","","33.633975861769564","33.633975861769564","33.633975861769564","31.71805808804376","31.71805808804376","31.71805808804376","40.405216202135975","40.405216202135975","40.405216202135975"
"2445.408610447","","","","","","","","","","33.633975861769564","33.633975861769564","33.633975861769564","31.71805808804376","31.71805808804376","31.71805808804376","40.405216202135975","40.405216202135975","40.405216202135975"
"2460.407823783","","","","","","","","","","33.633975861769564","33.633975861769564","33.633975861769564","31.71805808804376","31.71805808804376","31.71805808804376","40.405216202135975","40.405216202135975","40.405216202135975"
"2475.406199376","","","","","","","","","","33.633975861769564","33.633975861769564","33.633975861769564","31.71805808804376","31.71805808804376","31.71805808804376","40.405216202135975","40.405216202135975","40.405216202135975"
"2490.410327112","","","","","","","","","","33.633975861769564","33.633975861769564","33.633975861769564","31.71805808804376","31.71805808804376","31.71805808804376","40.405216202135975","40.405216202135975","40.405216202135975"
"2505.408530112","","","","","","","","","","33.633975861769564","33.633975861769564","33.633975861769564","31.71805808804376","31.71805808804376","31.71805808804376","40.405216202135975","40.405216202135975","40.405216202135975"
"2520.407117885","","","","","","","","","","33.633975861769564","33.633975861769564","33.633975861769564","31.71805808804376","31.71805808804376","31.71805808804376","40.405216202135975","40.405216202135975","40.405216202135975"
"2535.406726747","","","","","","","","","","33.633975861769564","33.633975861769564","33.633975861769564","31.71805808804376","31.71805808804376","31.71805808804376","40.405216202135975","40.405216202135975","40.405216202135975"
"2550.40919422","","","","","","","","","","33.633975861769564","33.633975861769564","33.633975861769564","31.71805808804376","31.71805808804376","31.71805808804376","40.405216202135975","40.405216202135975","40.405216202135975"
"2565.40870029","","","","","","","","","","33.633975861769564","33.633975861769564","33.633975861769564","31.71805808804376","31.71805808804376","31.71805808804376","40.405216202135975","40.405216202135975","40.405216202135975"
"2580.407769083","","","","","","","","","","33.633975861769564","33.633975861769564","33.633975861769564","31.71805808804376","31.71805808804376","31.71805808804376","40.405216202135975","40.405216202135975","40.405216202135975"
"2595.407517837","","","","","","","","","","33.633975861769564","33.633975861769564","33.633975861769564","31.71805808804376","31.71805808804376","31.71805808804376","40.405216202135975","40.405216202135975","40.405216202135975"
"2610.406822279","","","","","","","","","","33.633975861769564","33.633975861769564","33.633975861769564","31.71805808804376","31.71805808804376","31.71805808804376","40.405216202135975","40.405216202135975","40.405216202135975"
"2625.412930682","","","","","","","","","","33.633975861769564","33.633975861769564","33.633975861769564","31.71805808804376","31.71805808804376","31.71805808804376","40.405216202135975","40.405216202135975","40.405216202135975"
"2640.408433584","","","","","","","","","","33.633975861769564","33.633975861769564","33.633975861769564","31.71805808804376","31.71805808804376","31.71805808804376","40.405216202135975","40.405216202135975","40.405216202135975"
"2655.407617337","","","","","","","","","","33.633975861769564","33.633975861769564","33.633975861769564","31.71805808804376","31.71805808804376","31.71805808804376","40.405216202135975","40.405216202135975","40.405216202135975"
"2670.406586358","","","","","","","","","","33.633975861769564","33.633975861769564","33.633975861769564","31.71805808804376","31.71805808804376","31.71805808804376","40.405216202135975","40.405216202135975","40.405216202135975"
"2685.411651065","","","","","","","","","","33.633975861769564","33.633975861769564","33.633975861769564","31.71805808804376","31.71805808804376","31.71805808804376","40.405216202135975","40.405216202135975","40.405216202135975"
"2700.4083364910002","","","","","","","","","","33.633975861769564","33.633975861769564","33.633975861769564","31.71805808804376","31.71805808804376","31.71805808804376","40.405216202135975","40.405216202135975","40.405216202135975"
"2715.406784247","","","","","","","","","","33.633975861769564","33.633975861769564","33.633975861769564","31.71805808804376","31.71805808804376","31.71805808804376","40.405216202135975","40.405216202135975","40.405216202135975"
"2730.406236662","","","","","","","","","","33.633975861769564","33.633975861769564","33.633975861769564","31.71805808804376","31.71805808804376","31.71805808804376","40.405216202135975","40.405216202135975","40.405216202135975"
"2745.407563931","","","","","","","","","","33.633975861769564","33.633975861769564","33.633975861769564","31.71805808804376","31.71805808804376","31.71805808804376","40.405216202135975","40.405216202135975","40.405216202135975"
"2760.409401054","","","","","","","","","","33.633975861769564","33.633975861769564","33.633975861769564","31.71805808804376","31.71805808804376","31.71805808804376","40.405216202135975","40.405216202135975","40.405216202135975"
"2775.410758839","","","","","","","","","","33.633975861769564","33.633975861769564","33.633975861769564","31.71805808804376","31.71805808804376","31.71805808804376","40.405216202135975","40.405216202135975","40.405216202135975"
"2790.407188768","","","","","","","","","","33.633975861769564","33.633975861769564","33.633975861769564","31.71805808804376","31.71805808804376","31.71805808804376","40.405216202135975","40.405216202135975","40.405216202135975"
"2805.406503199","","","","","","","","","","33.633975861769564","33.633975861769564","33.633975861769564","31.71805808804376","31.71805808804376","31.71805808804376","40.405216202135975","40.405216202135975","40.405216202135975"
"2820.409736975","","","","","","","","","","33.633975861769564","33.633975861769564","33.633975861769564","31.71805808804376","31.71805808804376","31.71805808804376","40.405216202135975","40.405216202135975","40.405216202135975"
"2835.407966308","","","","","","","","","","33.633975861769564","33.633975861769564","33.633975861769564","31.71805808804376","31.71805808804376","31.71805808804376","40.405216202135975","40.405216202135975","40.405216202135975"
"2850.406780525","","","","","","","","","","33.633975861769564","33.633975861769564","33.633975861769564","31.71805808804376","31.71805808804376","31.71805808804376","40.405216202135975","40.405216202135975","40.405216202135975"
"2865.407450094","","","","","","","","","","33.633975861769564","33.633975861769564","33.633975861769564","31.71805808804376","31.71805808804376","31.71805808804376","40.405216202135975","40.405216202135975","40.405216202135975"
"2880.407659905","","","","","","","","","","33.633975861769564","33.633975861769564","33.633975861769564","31.71805808804376","31.71805808804376","31.71805808804376","40.405216202135975","40.405216202135975","40.405216202135975"
"2895.408276006","","","","","","","","","","33.633975861769564","33.633975861769564","33.633975861769564","31.71805808804376","31.71805808804376","31.71805808804376","40.405216202135975","40.405216202135975","40.405216202135975"
"2910.405365872","","","","","","","","","","33.633975861769564","33.633975861769564","33.633975861769564","31.71805808804376","31.71805808804376","31.71805808804376","40.405216202135975","40.405216202135975","40.405216202135975"
"2925.407193119","","","","","","","","","","33.633975861769564","33.633975861769564","33.633975861769564","31.71805808804376","31.71805808804376","31.71805808804376","40.405216202135975","40.405216202135975","40.405216202135975"
"2940.409312063","","","","","","","","","","33.633975861769564","33.633975861769564","33.633975861769564","31.71805808804376","31.71805808804376","31.71805808804376","40.405216202135975","40.405216202135975","40.405216202135975"
"2955.408223239","","","","","","","","","","33.633975861769564","33.633975861769564","33.633975861769564","31.71805808804376","31.71805808804376","31.71805808804376","40.405216202135975","40.405216202135975","40.405216202135975"
"2970.407537085","","","","","","","","","","33.633975861769564","33.633975861769564","33.633975861769564","31.71805808804376","31.71805808804376","31.71805808804376","40.405216202135975","40.405216202135975","40.405216202135975"
"2985.407272078","","","","","","","","","","33.633975861769564","33.633975861769564","33.633975861769564","31.71805808804376","31.71805808804376","31.71805808804376","40.405216202135975","40.405216202135975","40.405216202135975"
"3000.409112184","","","","","","","","","","33.633975861769564","33.633975861769564","33.633975861769564","31.71805808804376","31.71805808804376","31.71805808804376","40.405216202135975","40.405216202135975","40.405216202135975"
"3015.409203983","","","","","","","","","","33.633975861769564","33.633975861769564","33.633975861769564","31.71805808804376","31.71805808804376","31.71805808804376","40.405216202135975","40.405216202135975","40.405216202135975"
"3030.407371516","","","","","","","","","","33.633975861769564","33.633975861769564","33.633975861769564","31.71805808804376","31.71805808804376","31.71805808804376","40.405216202135975","40.405216202135975","40.405216202135975"
"3045.406892479","","","","","","","","","","33.633975861769564","33.633975861769564","33.633975861769564","31.71805808804376","31.71805808804376","31.71805808804376","40.405216202135975","40.405216202135975","40.405216202135975"
"3060.406452284","","","","","","","","","","33.633975861769564","33.633975861769564","33.633975861769564","31.71805808804376","31.71805808804376","31.71805808804376","40.405216202135975","40.405216202135975","40.405216202135975"
"3075.408641854","","","","","","","","","","33.633975861769564","33.633975861769564","33.633975861769564","31.71805808804376","31.71805808804376","31.71805808804376","40.405216202135975","40.405216202135975","40.405216202135975"
"3090.408606586","","","","","","","","","","33.633975861769564","33.633975861769564","33.633975861769564","31.71805808804376","31.71805808804376","31.71805808804376","40.405216202135975","40.405216202135975","40.405216202135975"
"3105.408128419","","","","","","","","","","33.633975861769564","33.633975861769564","33.633975861769564","31.71805808804376","31.71805808804376","31.71805808804376","40.405216202135975","40.405216202135975","40.405216202135975"
"3120.405567468","","","","","","","","","","33.633975861769564","33.633975861769564","33.633975861769564","31.71805808804376","31.71805808804376","31.71805808804376","40.405216202135975","40.405216202135975","40.405216202135975"
"3135.409017036","","","","","","","","","","33.633975861769564","33.633975861769564","33.633975861769564","31.71805808804376","31.71805808804376","31.71805808804376","40.405216202135975","40.405216202135975","40.405216202135975"
"3150.408167278","","","","","","","","","","33.633975861769564","33.633975861769564","33.633975861769564","31.71805808804376","31.71805808804376","31.71805808804376","40.405216202135975","40.405216202135975","40.405216202135975"
"3165.407494488","","","","","","","","","","33.633975861769564","33.633975861769564","33.633975861769564","31.71805808804376","31.71805808804376","31.71805808804376","40.405216202135975","40.405216202135975","40.405216202135975"
"3180.429725179","","","","","","","","","","33.633975861769564","33.633975861769564","33.633975861769564","31.71805808804376","31.71805808804376","31.71805808804376","40.405216202135975","40.405216202135975","40.405216202135975"
"3195.407240093","","","","","","","","","","33.633975861769564","33.633975861769564","33.633975861769564","31.71805808804376","31.71805808804376","31.71805808804376","40.405216202135975","40.405216202135975","40.405216202135975"
"3210.407201172","","","","","","","","","","33.633975861769564","33.633975861769564","33.633975861769564","31.71805808804376","31.71805808804376","31.71805808804376","40.405216202135975","40.405216202135975","40.405216202135975"
"3225.408090484","","","","","","","","","","33.633975861769564","33.633975861769564","33.633975861769564","31.71805808804376","31.71805808804376","31.71805808804376","40.405216202135975","40.405216202135975","40.405216202135975"
"3240.406096659","","","","","","","","","","33.633975861769564","33.633975861769564","33.633975861769564","31.71805808804376","31.71805808804376","31.71805808804376","40.405216202135975","40.405216202135975","40.405216202135975"
"3255.406859465","","","","","","","","","","33.633975861769564","33.633975861769564","33.633975861769564","31.71805808804376","31.71805808804376","31.71805808804376","40.405216202135975","40.405216202135975","40.405216202135975"
"3270.408134265","","","","","","","","","","33.633975861769564","33.633975861769564","33.633975861769564","31.71805808804376","31.71805808804376","31.71805808804376","40.405216202135975","40.405216202135975","40.405216202135975"
"3285.408409858","","","","","","","","","","33.633975861769564","33.633975861769564","33.633975861769564","31.71805808804376","31.71805808804376","31.71805808804376","40.405216202135975","40.405216202135975","40.405216202135975"
"3300.406284232","","","","","","","","","","33.633975861769564","33.633975861769564","33.633975861769564","31.71805808804376","31.71805808804376","31.71805808804376","40.405216202135975","40.405216202135975","40.405216202135975"
"3315.408537673","","","","","","","","","","33.633975861769564","33.633975861769564","33.633975861769564","31.71805808804376","31.71805808804376","31.71805808804376","40.405216202135975","40.405216202135975","40.405216202135975"
"3330.407554228","","","","","","","","","","33.633975861769564","33.633975861769564","33.633975861769564","31.71805808804376","31.71805808804376","31.71805808804376","40.405216202135975","40.405216202135975","40.405216202135975"
"3345.406697092","","","","","","","","","","33.633975861769564","33.633975861769564","33.633975861769564","31.71805808804376","31.71805808804376","31.71805808804376","40.405216202135975","40.405216202135975","40.405216202135975"
"3360.408378602","","","","","","","","","","33.633975861769564","33.633975861769564","33.633975861769564","31.71805808804376","31.71805808804376","31.71805808804376","40.405216202135975","40.405216202135975","40.405216202135975"
"3375.407373018","","","","","","","","","","33.633975861769564","33.633975861769564","33.633975861769564","31.71805808804376","31.71805808804376","31.71805808804376","40.405216202135975","40.405216202135975","40.405216202135975"
"3390.411888687","","","","","","","","","","33.633975861769564","33.633975861769564","33.633975861769564","31.71805808804376","31.71805808804376","31.71805808804376","40.405216202135975","40.405216202135975","40.405216202135975"
"3405.408184052","","","","","","","","","","33.633975861769564","33.633975861769564","33.633975861769564","31.71805808804376","31.71805808804376","31.71805808804376","40.405216202135975","40.405216202135975","40.405216202135975"